

DROP TABLE IF EXISTS degree ;
DROP TABLE IF EXISTS college ;
DROP TABLE IF EXISTS SALARY_HISTORY ;
DROP TABLE IF EXISTS JOB_HISTORY ;
DROP TABLE IF EXISTS job;
DROP TABLE IF EXISTS employee ;
DROP TABLE IF EXISTS DEPT ;



CREATE TABLE DEPT ( 
  DEPTNO  NUMERIC (2)    NOT NULL, 
  DNAME   VARCHAR (14), 
  LOC     VARCHAR (13), 
  CONSTRAINT pk_dept
  PRIMARY KEY ( DEPTNO ) ) ; 




CREATE TABLE employee ( 
  EMPNO     NUMERIC (4)    NOT NULL, 
  ENAME     VARCHAR (10), 
  JOB       VARCHAR (9), 
  MGR       NUMERIC (4) , 
  HIREDATE  DATE, 
  SAL       NUMERIC (7,2), 
  COMM      NUMERIC (7,2), 
  DEPTNO    NUMERIC (2),
  constraint fk_emp_deptno foreign key (DEPTNO) references DEPT(DEPTNO), 
  CONSTRAINT pk_emp
  PRIMARY KEY ( EMPNO ) ) ; 

INSERT INTO DEPT ( DEPTNO, DNAME, LOC ) VALUES ( 
10, 'ACCOUNTING', 'NEW YORK'); 
INSERT INTO DEPT ( DEPTNO, DNAME, LOC ) VALUES ( 
20, 'RESEARCH', 'DALLAS'); 
INSERT INTO DEPT ( DEPTNO, DNAME, LOC ) VALUES ( 
30, 'SALES', 'CHICAGO'); 
INSERT INTO DEPT ( DEPTNO, DNAME, LOC ) VALUES ( 
40, 'OPERATIONS', 'BOSTON'); 



INSERT INTO employee ( EMPNO, ENAME, JOB, MGR, HIREDATE, SAL, COMM,
DEPTNO ) VALUES ( 
7839, 'KING', 'PRESIDENT', NULL,   '1981/11/17', 5000, NULL, 10);
INSERT INTO employee ( EMPNO, ENAME, JOB, MGR, HIREDATE, SAL, COMM,
DEPTNO ) VALUES ( 
7698, 'BLAKE', 'MANAGER', 7839,  Date( '1981/05/01 12:00:00 AM')
, 2850, NULL, 30); 
INSERT INTO employee ( EMPNO, ENAME, JOB, MGR, HIREDATE, SAL, COMM,
DEPTNO ) VALUES ( 
7782, 'CLARK', 'MANAGER', 7839,  Date( '1981/06/09 12:00:00 AM')
, 2450, NULL, 10);  
INSERT INTO employee ( EMPNO, ENAME, JOB, MGR, HIREDATE, SAL, COMM,
DEPTNO ) VALUES ( 
7499, 'ALLEN', 'SALESMAN', 7698,  Date( '1981/02/20 12:00:00 AM')
, 1600, 300, 30); 
INSERT INTO employee ( EMPNO, ENAME, JOB, MGR, HIREDATE, SAL, COMM,
DEPTNO ) VALUES ( 
7521, 'WARD', 'SALESMAN', 7698,  Date( '1981/02/22 12:00:00 AM')
, 1250, 500, 30); 
INSERT INTO employee ( EMPNO, ENAME, JOB, MGR, HIREDATE, SAL, COMM,
DEPTNO ) VALUES ( 
7566, 'JONES', 'MANAGER', 7839,  Date( '1981/04/02 12:00:00 AM')
, 2975, NULL, 20); 
INSERT INTO employee ( EMPNO, ENAME, JOB, MGR, HIREDATE, SAL, COMM,
DEPTNO ) VALUES ( 
7654, 'MARTIN', 'SALESMAN', 7698,  Date( '1981/09/28 12:00:00 AM')
, 1250, 1400, 30); 
INSERT INTO employee ( EMPNO, ENAME, JOB, MGR, HIREDATE, SAL, COMM,
DEPTNO ) VALUES ( 
7788, 'SCOTT', 'ANALYST', 7566,  Date( '1981/04/19 12:00:00 AM')
, 3000, NULL, 20); 
INSERT INTO employee ( EMPNO, ENAME, JOB, MGR, HIREDATE, SAL, COMM,
DEPTNO ) VALUES ( 
7844, 'TURNER', 'SALESMAN', 7698,  Date( '1981/09/08 12:00:00 AM')
, 1500, 0, 30); 
INSERT INTO employee ( EMPNO, ENAME, JOB, MGR, HIREDATE, SAL, COMM,
DEPTNO ) VALUES ( 
7876, 'ADAMS', 'CLERK', 7788,  Date( '1981/05/23 12:00:00 AM')
, 1100, NULL, 20); 
INSERT INTO employee ( EMPNO, ENAME, JOB, MGR, HIREDATE, SAL, COMM,
DEPTNO ) VALUES ( 
7900, 'JAMES', 'CLERK', 7698,  Date( '1981/12/03 12:00:00 AM')
, 950, NULL, 30); 
INSERT INTO employee ( EMPNO, ENAME, JOB, MGR, HIREDATE, SAL, COMM,
DEPTNO ) VALUES ( 
7902, 'FORD', 'ANALYST', 7566,  Date( '1981/12/03 12:00:00 AM')
, 3000, NULL, 20); 
INSERT INTO employee ( EMPNO, ENAME, JOB, MGR, HIREDATE, SAL, COMM,
DEPTNO ) VALUES (
7934, 'MILLER', 'CLERK', 7782,  Date( '1982/01/23 12:00:00 AM')
, 1300, NULL, 10); 
INSERT INTO employee ( EMPNO, ENAME, JOB, MGR, HIREDATE, SAL, COMM,
DEPTNO ) VALUES ( 
7369, 'SMITH', 'CLERK', 7902,  Date( '1980/12/17 12:00:00 AM')
, 800, NULL, 20); 

CREATE TABLE job (
JOB_CODE CHAR(4) primary key,
JOB_TITLE CHAR(20),
MINIMUM_SALARY NUMERIC(7,2) NOT NULL,
MAXIMUM_SALARY NUMERIC(7,2));
INSERT INTO job VALUES
('SAL','SALESMAN',1000,10000);
INSERT INTO job VALUES
('CLK','CLERK',200,1500);
INSERT INTO job VALUES
('MGR','MANAGER',1500,15000);
INSERT INTO job VALUES
('ANA','ANALYST',500,7500);
INSERT INTO job VALUES
('PRE','PRESIDENT',4000,90000);


CREATE TABLE JOB_HISTORY (
EMPNO NUMERIC(4) NOT NULL ,
JOB_CODE CHAR(4) not null ,
JOB_START DATE NOT NULL,
JOB_END DATE,
DEPTNO NUMERIC(2) NOT NULL,
constraint jh_dept_fk foreign key(DEPTNO) references dept(DEPTNO),
constraint jh_empno_fk foreign key( EMPNO) references employee(EMPNO),
constraint jh_job_fk foreign key(JOB_CODE) references job(JOB_CODE)
);

INSERT INTO JOB_HISTORY VALUES
(7369,'CLK',date('1980/12/17 12:00:00 AM' ),NULL,20);
INSERT INTO JOB_HISTORY VALUES
(7499,'CLK', date('1981/02/20' ), date('1981/11/17' ),30);
INSERT INTO JOB_HISTORY VALUES
(7499,'SAL', date('1981/11/17' ),NULL,30);
INSERT INTO JOB_HISTORY VALUES
(7521,'SAL', date('1981/02/22' ),NULL,30);
INSERT INTO JOB_HISTORY VALUES
(7566,'SAL', date('1981/04/02' ), date('1986/4/02' ),20);
INSERT INTO JOB_HISTORY VALUES
(7566,'MGR', date('1986/04/02' ),NULL,30);
INSERT INTO JOB_HISTORY VALUES
(7654,'CLK', date('1981/09/28' ), date('1985/12/15' ),10);
INSERT INTO JOB_HISTORY VALUES
(7654,'SAL', date('1985/12/15' ),NULL,30);
INSERT INTO JOB_HISTORY VALUES
(7698,'MGR', date('1981/05/01' ),NULL,30);
INSERT INTO JOB_HISTORY VALUES
(7782,'MGR', date('1981/06/09' ),NULL,10);
INSERT INTO JOB_HISTORY VALUES
(7788,'ANA', date('1982/12/09' ),NULL,20);
INSERT INTO JOB_HISTORY VALUES
(7839,'CLK', date('1981/11/17' ), date('1982/11/17' ),10);
INSERT INTO JOB_HISTORY VALUES
(7839,'ANA', date('1982/11/17' ), date('1983/11/17' ),10);
INSERT INTO JOB_HISTORY VALUES
(7839,'SAL', date('1983/11/17' ), date('1984/11/17' ),10);
INSERT INTO JOB_HISTORY VALUES
(7839,'PRE', date('1984/11/17' ),NULL,10);
INSERT INTO JOB_HISTORY VALUES
(7844,'SAL', date('1981/09/08' ),NULL,30);
INSERT INTO JOB_HISTORY VALUES
(7876,'CLK', date('1983/01/12' ),NULL,20);
INSERT INTO JOB_HISTORY VALUES
(7900,'CLK', date('1981/12/03/' ),NULL,30);
INSERT INTO JOB_HISTORY VALUES
(7902,'ANA', date('1981/12/03' ),NULL,20);
INSERT INTO JOB_HISTORY VALUES
(7934,'CLK', date('1982/01/23' ),NULL,10);


CREATE TABLE SALARY_HISTORY (
EMPNO NUMERIC(4) NOT NULL  ,
SALARY_AMOUNT NUMERIC(7,2) NOT NULL,
SALARY_START DATE NOT NULL,
SALARY_END DATE,
constraint sh_empno_fk foreign key(EMPNO) references employee(EMPNO)
);

INSERT INTO SALARY_HISTORY VALUES
(7369,200, date('1980/12/17' ), date('1985/12/17' ));
INSERT INTO SALARY_HISTORY VALUES
(7369,800, date('1985/12/17' ),NULL);
INSERT INTO SALARY_HISTORY VALUES
(7499,500, date('1981/02/20' ), date('1981/11/17' ));
INSERT INTO SALARY_HISTORY VALUES
(7499,1000, date('1981/11/17' ), date('1982/11/17' ));
INSERT INTO SALARY_HISTORY VALUES
(7499,1300, date('1982/11/17' ), date('1987/02/20' ));
INSERT INTO SALARY_HISTORY VALUES
(7499,1600, date('1987/02/20' ),NULL);
INSERT INTO SALARY_HISTORY VALUES
(7521,1000, date('1981/02/22' ), date('1985/02/22' ));
INSERT INTO SALARY_HISTORY VALUES
(7521,1100, date('1985/02/22' ), date('1987/02/22' ));
INSERT INTO SALARY_HISTORY VALUES
(7521,1250, date('1987/02/22' ),NULL);
INSERT INTO SALARY_HISTORY VALUES
(7566,1975, date('1981/04/02' ), date('1986/04/02' ));
INSERT INTO SALARY_HISTORY VALUES
(7566,2975, date('1981/04/02' ),NULL);
INSERT INTO SALARY_HISTORY VALUES
(7654,250, date('1981/09/28' ), date('1982/04/02' ));
INSERT INTO SALARY_HISTORY VALUES
(7654,350, date('1982/04/02' ), date('1985/12/15' ));
INSERT INTO SALARY_HISTORY VALUES
(7654,1000, date('1985/12/15' ), date('1986/12/15' ));
INSERT INTO SALARY_HISTORY VALUES
(7654,1250, date('1986/12/15' ),NULL);
INSERT INTO SALARY_HISTORY VALUES
(7698,2850, date('1981/05/01' ),NULL);
INSERT INTO SALARY_HISTORY VALUES
(7782,1500, date('1981/06/09' ), date('1982/06/069' ));
INSERT INTO SALARY_HISTORY VALUES
(7782,1600, date('1982/06/09' ), date('1983/06/09' ));
INSERT INTO SALARY_HISTORY VALUES
(7782,2000, date('1983/06/09' ), date('1987/06/09' ));
INSERT INTO SALARY_HISTORY VALUES
(7782,2450, date('1987/06/09' ),NULL);
INSERT INTO SALARY_HISTORY VALUES
(7839,800, date('1981/11/17' ), date('1981/12/17' ));
INSERT INTO SALARY_HISTORY VALUES
(7839,900, date('1981/12/17' ), date('1982/11/17' ));
INSERT INTO SALARY_HISTORY VALUES
(7839,1900, date('1982/11/17' ), date('1983/11/17' ));
INSERT INTO SALARY_HISTORY VALUES
(7839,2900, date('1983/11/17' ), date('1984/11/17' ));
INSERT INTO SALARY_HISTORY VALUES
(7839,3900, date('1984/11/17' ), date('1985/11/17' ));
INSERT INTO SALARY_HISTORY VALUES
(7839,4900, date('1985/11/17' ), date('1986/11/17' ));
INSERT INTO SALARY_HISTORY VALUES
(7839,5000, date('1986/11/17' ),NULL);
INSERT INTO SALARY_HISTORY VALUES
(7844,1000, date('1981/09/08' ), date('1982/09/08' ));
INSERT INTO SALARY_HISTORY VALUES
(7844,1300, date('1982/09/08' ), date('1987/09/08' ));
INSERT INTO SALARY_HISTORY VALUES
(7844,1500, date('1987/09/08' ),NULL);
INSERT INTO SALARY_HISTORY VALUES
(7876,500, date('1983/01/12' ), date('1985/01/12' ));
INSERT INTO SALARY_HISTORY VALUES
(7876,1100, date('1985/01/12' ),NULL);
INSERT INTO SALARY_HISTORY VALUES
(7900,200, date('1981/12/03' ), date('1984/12/03' ));
INSERT INTO SALARY_HISTORY VALUES
(7900,850, date('1984/12/03' ), date('1986/12/03' ));
INSERT INTO SALARY_HISTORY VALUES
(7900,950, date('1986/12/03' ),NULL);
INSERT INTO SALARY_HISTORY VALUES
(7902,700, date('1981/12/03' ), date('1983/12/03' ));
INSERT INTO SALARY_HISTORY VALUES
(7902,1000, date('1983/12/03' ), date('1984/12/03' ));
INSERT INTO SALARY_HISTORY VALUES
(7902,2000, date('1984/12/03' ), date('1986/12/03' ));
INSERT INTO SALARY_HISTORY VALUES
(7902,3000, date('1986/12/03' ),NULL);
INSERT INTO SALARY_HISTORY VALUES
(7934,1300, date('1982/01/23' ),NULL);


CREATE TABLE college (
COLLEGE_CODE CHAR(4) primary key,
COLLEGE_NAME CHAR(25),
CITY CHAR(20),
STATE CHAR(2),
POSTAL_CODE CHAR(5));

INSERT INTO college VALUES
('PRDU','PURDUE UNIVERSITY','WEST LAFAYETTE','CT','47907');
INSERT INTO college VALUES
('IDN','INST. IND. DU NORD','V. D''ASCQ','FR','59651');
INSERT INTO college VALUES
('STAN','STANDFORD UNIVERSITY','BERKLEY','CA','94305');
INSERT INTO college VALUES
('HVD','HARVARD UNIVERSITY','CAMBRIDGE','MA','02138');


CREATE TABLE degree (
EMPNO NUMERIC(4) NOT NULL ,
COLLEGE_CODE CHAR(4) ,
YEAR_GIVEN NUMERIC(4),
DEGREE CHAR(3),
DEGREE_FIELD CHAR(15),
constraint deg_empno_fk foreign key(EMPNO) references employee(EMPNO),
constraint deg_college_fk foreign key(COLLEGE_CODE) references college(COLLEGE_CODE)
);

INSERT INTO degree VALUES
(7369,'PRDU',1979,'PHD','STATISTIC');
INSERT INTO degree VALUES
(7369,'PRDU',1973,'MA','APPLIED MATH');
INSERT INTO degree VALUES
(7499,NULL,1972,'BA','ARTS');
INSERT INTO degree VALUES
(7521,'IDN',1972,'MA','GESTION');
INSERT INTO degree VALUES
(7566,'IDN',1972,'MA','GESTION');
INSERT INTO degree VALUES
(7566,'IDN',1975,'DEA','PIPO');
INSERT INTO degree VALUES
(7566,'IDN',1978,'PHD','VENT');
INSERT INTO degree VALUES
(7654,'STAN',1976,'MA','IA');
INSERT INTO degree VALUES
(7654,'STAN',1979,'PHD','GESTION');
INSERT INTO degree VALUES
(7698,'HVD',1977,'MA','IA');
INSERT INTO degree VALUES
(7698,'HVD',1979,'PHD','GL');
INSERT INTO degree VALUES
(7782,'HVD',1979,'PHD','GL');
INSERT INTO degree VALUES
(7839,'IDN',1979,'PHD','ADA');


